Actions Played Description \ Game #,1,2,3,4,5,6,7,8,9,10,11,12,13,14,15,16,17,18,19,20,21,22,23,24,25,26,27,28,29,30,31,32,33,34,35,36,37,38,39,40,41,42,43,44,45,46,47,48,49,50
Player 1 takes WHITE tiles from factory 0 to pattern line 0,0,0,0,0,1,0,0,0,0,0,0,0,0,0,0,0,0,0,0,0,0,0,0,0,1,1,0,0,0,0,0,0,0,0,0,0,0,0,0,0,0,0,1,0,1,0,0,0,0,1
Player 0 takes RED tiles from factory 4 to pattern line 0,0,0,0,0,0,0,0,0,0,1,1,0,0,0,0,0,0,0,0,0,1,1,0,0,0,1,0,1,0,1,0,0,0,0,0,0,0,0,0,0,0,0,0,0,0,0,0,0,1,0
Player 1 takes RED tiles from centre pool to pattern line 3,0,0,0,0,0,0,0,0,0,0,1,0,0,0,0,2,1,0,0,0,0,1,1,2,0,0,0,1,0,1,1,0,0,0,0,2,0,0,1,2,0,0,2,0,0,0,0,2,0,0
Player 1 takes RED tiles from centre pool to pattern line 2,0,1,2,0,0,1,0,2,1,1,0,1,0,1,1,0,2,0,0,0,0,0,0,2,0,1,0,0,0,0,0,0,1,0,2,1,1,1,0,0,0,1,0,0,0,0,0,0,0,1
Player 0 takes RED tiles from factory 4 to pattern line 1,0,0,0,1,0,0,0,0,0,0,0,1,0,0,0,0,1,0,1,0,0,1,0,0,0,0,0,0,0,0,0,0,0,1,0,0,0,0,0,0,0,0,0,0,0,0,0,0,0,0
Player 1 takes RED tiles from centre pool to pattern line 1,0,1,0,0,0,0,1,0,1,0,0,0,1,1,1,0,0,0,0,0,0,0,1,0,2,0,1,0,0,0,0,0,0,0,0,1,0,0,0,0,0,0,1,1,0,0,2,1,0,1
Player 1 takes WHITE tiles from factory 0 to pattern line 2,0,0,0,0,0,0,0,0,0,0,0,0,0,0,1,0,0,1,0,0,0,0,0,0,0,0,0,0,0,1,0,0,0,1,0,0,0,1,0,0,0,0,0,0,0,0,0,0,0,0
Player 1 takes RED tiles from centre pool to pattern line 0,1,0,0,1,1,1,0,0,0,0,0,1,0,1,1,0,0,1,0,0,0,0,0,0,1,0,0,0,0,0,0,0,0,0,0,0,0,0,1,0,1,1,0,1,0,0,0,0,0,0
Player 1 takes WHITE tiles from factory 0 to pattern line 1,0,0,0,1,0,0,0,0,0,0,0,0,0,0,0,0,1,0,0,0,0,0,0,0,0,0,0,0,0,0,0,0,0,0,0,0,1,0,0,0,0,0,0,0,0,0,0,0,0,0
Player 1 takes WHITE tiles from factory 0 to pattern line 4,0,0,0,0,0,1,0,0,0,0,0,0,0,0,0,0,0,1,0,0,0,0,0,0,0,0,0,0,1,0,0,0,0,1,1,0,0,0,1,0,0,0,0,0,0,0,0,0,0,0
Player 1 takes WHITE tiles from factory 0 to floor line,0,0,0,0,0,0,0,0,0,0,0,0,0,0,0,0,0,0,0,0,0,1,0,0,0,0,0,0,0,0,0,0,0,0,0,0,0,0,0,0,0,0,0,0,0,0,0,0,0,0
Player 1 takes WHITE tiles from factory 0 to pattern line 3,0,0,0,0,0,0,0,0,1,0,0,0,1,0,0,0,0,0,0,0,0,0,0,0,0,0,1,0,0,0,0,1,0,0,0,1,0,0,1,0,0,1,0,0,0,0,0,0,1,0
Player 1 takes RED tiles from centre pool to pattern line 4,2,0,0,1,0,0,0,0,0,2,0,0,0,0,0,0,0,0,1,0,0,2,0,0,0,0,2,0,0,0,1,0,0,3,0,0,0,2,0,0,2,0,0,0,0,2,3,0,0,0
Player 1 takes BLUE tiles from factory 4 to pattern line 2,0,0,0,0,0,0,0,0,0,0,0,0,1,0,0,0,0,0,0,0,0,0,0,0,0,0,0,0,0,0,0,0,0,0,0,0,0,0,0,0,0,0,1,0,0,0,0,0,0,0
Player 0 takes YELLOW tiles from factory 0 to pattern line 3,0,0,0,0,0,1,0,0,0,0,0,0,0,0,0,0,0,0,0,0,0,0,0,0,0,0,0,1,0,0,0,0,0,0,0,0,0,0,0,0,0,0,0,0,0,0,0,0,0,0
Player 1 takes BLUE tiles from factory 4 to pattern line 3,0,0,0,0,0,0,0,0,0,0,0,1,0,2,0,0,0,0,0,0,0,0,0,0,0,0,0,0,0,1,0,0,0,0,1,1,0,0,0,0,0,0,0,0,0,0,0,1,0,0
Player 1 takes BLUE tiles from factory 4 to pattern line 0,0,0,0,0,0,1,0,0,0,0,0,0,0,0,1,0,0,0,0,0,0,0,0,0,0,0,0,0,0,0,0,0,0,0,0,0,0,0,0,0,0,0,0,0,0,0,0,0,1,0
Player 1 takes BLUE tiles from factory 4 to pattern line 1,0,1,0,0,0,0,0,0,0,0,0,0,2,0,0,0,0,1,0,0,0,0,0,0,0,0,0,0,0,0,0,0,0,0,0,0,0,0,0,0,0,0,0,0,0,0,0,0,0,0
Player 0 takes YELLOW tiles from factory 0 to pattern line 0,0,0,0,0,0,0,1,0,0,0,0,0,0,0,0,0,0,0,0,0,0,0,0,0,0,0,0,0,0,0,0,1,0,0,0,1,0,0,0,0,0,0,0,0,0,0,0,0,0,0
Player 1 takes BLUE tiles from factory 4 to pattern line 4,0,1,0,0,0,0,0,0,1,0,0,1,0,0,0,0,0,0,0,0,0,0,0,0,1,0,0,0,0,0,0,0,0,0,0,0,0,0,0,0,0,0,0,0,1,0,0,0,0,0
Player 0 takes YELLOW tiles from factory 0 to pattern line 2,0,0,1,1,0,0,0,0,0,0,0,0,0,1,0,0,0,0,1,0,1,0,0,0,0,1,0,0,0,0,0,0,0,0,0,0,0,0,0,1,0,0,0,0,1,0,0,0,0,0
Player 0 takes YELLOW tiles from factory 0 to pattern line 1,1,0,0,0,0,0,0,1,0,1,0,1,0,0,0,0,1,0,0,0,1,0,0,0,0,0,0,0,0,0,0,0,0,0,0,0,0,1,0,0,0,0,0,1,0,0,0,1,0,0
Player 0 takes RED tiles from factory 4 to pattern line 4,0,0,0,0,1,0,1,0,0,0,0,0,0,0,0,0,0,0,0,0,0,0,0,0,0,0,0,0,0,0,0,0,0,0,0,0,1,0,0,0,0,0,0,0,0,0,0,0,0,0
Player 0 takes RED tiles from factory 4 to pattern line 2,0,0,0,0,0,0,0,0,1,0,0,0,0,0,0,1,0,0,0,0,1,0,0,0,0,0,0,0,0,0,0,0,0,0,1,0,0,0,0,0,1,0,1,0,0,0,0,0,0,0
Player 0 takes RED tiles from factory 4 to pattern line 3,0,0,0,0,0,0,1,0,0,0,0,0,0,0,0,0,0,0,0,0,1,0,0,0,0,0,0,0,0,0,0,0,0,0,0,0,0,0,0,0,0,0,0,0,0,0,0,0,0,0
Player 1 takes BLUE tiles from factory 3 to pattern line 1,0,0,0,0,0,0,0,0,0,0,0,0,0,1,0,0,0,0,0,0,0,0,0,0,1,0,1,0,0,1,0,0,0,0,0,0,0,1,0,0,0,0,0,0,0,1,0,0,1,0
Player 1 takes BLUE tiles from factory 3 to pattern line 2,0,0,0,0,0,0,1,0,0,1,0,0,1,0,1,0,0,0,0,0,0,0,0,0,0,0,0,0,0,0,0,0,0,0,0,0,0,0,0,0,0,1,0,0,0,0,1,0,0,0
Player 0 takes YELLOW tiles from factory 2 to pattern line 0,0,0,0,0,0,0,0,0,0,1,1,1,0,0,0,0,1,0,0,0,0,0,0,1,1,0,0,0,0,1,0,0,1,0,0,0,1,0,0,0,0,1,0,1,0,1,0,0,1,0
Player 1 takes BLUE tiles from factory 3 to pattern line 3,0,0,0,0,0,0,0,0,0,0,0,0,0,0,0,0,0,0,0,0,0,0,0,0,0,0,1,0,1,0,0,2,0,0,1,0,0,0,0,0,0,0,0,0,0,0,0,0,0,0
Player 1 takes BLUE tiles from factory 3 to pattern line 4,0,1,0,0,0,0,0,0,1,0,0,0,0,0,0,0,0,0,0,0,0,2,0,0,0,0,0,0,0,0,0,0,0,0,0,0,0,0,0,0,0,0,0,0,0,0,0,0,0,0
Player 0 takes YELLOW tiles from factory 2 to pattern line 3,0,0,0,0,0,0,0,0,1,0,0,0,0,0,0,0,0,0,0,0,0,0,0,0,0,0,0,0,0,0,0,0,0,0,0,0,0,0,0,0,0,0,0,0,0,0,0,0,0,0
Player 0 takes YELLOW tiles from factory 2 to pattern line 4,0,0,0,0,0,0,0,0,0,0,0,0,0,0,1,0,0,0,0,1,0,0,0,0,0,0,0,0,0,0,0,0,0,0,0,0,0,0,0,0,0,0,0,0,0,0,0,0,0,0
Player 0 takes YELLOW tiles from factory 2 to pattern line 1,0,0,0,0,0,0,0,0,0,0,0,0,1,1,0,0,0,0,0,0,0,0,0,0,0,0,0,0,0,0,0,0,0,0,0,1,0,0,0,1,0,0,0,0,0,0,0,0,0,0
Player 0 takes YELLOW tiles from factory 2 to pattern line 2,0,0,0,0,0,0,0,0,0,0,1,0,0,0,0,0,0,0,0,0,0,2,0,0,0,0,0,0,2,0,0,0,0,0,0,0,0,0,0,0,0,0,0,0,0,0,0,0,0,0
Player 1 takes WHITE tiles from factory 1 to pattern line 2,0,0,0,0,0,0,0,1,0,0,0,0,0,0,0,1,0,0,2,0,1,0,0,1,0,0,0,0,2,0,0,0,0,0,0,0,0,0,0,0,0,0,0,0,0,0,0,0,0,0
Player 0 takes YELLOW tiles from factory 4 to floor line,0,0,0,0,0,0,0,0,0,0,0,0,0,0,0,0,0,0,0,0,0,1,0,0,0,0,0,0,0,0,0,0,0,0,0,0,0,0,0,0,0,0,0,0,0,0,0,0,0,0
Player 1 takes WHITE tiles from factory 1 to pattern line 3,0,0,0,0,0,0,0,0,0,0,1,0,0,0,0,0,0,0,0,0,0,1,0,0,1,0,0,0,0,0,0,0,0,1,0,0,0,0,0,0,0,0,0,0,0,0,0,0,1,0
Player 1 takes WHITE tiles from factory 1 to pattern line 4,0,1,0,0,0,1,0,0,0,0,0,0,0,0,0,1,0,0,0,0,1,0,0,1,0,0,0,0,0,0,0,0,0,0,1,0,0,0,0,0,0,0,0,0,0,0,0,0,0,0
Player 1 takes WHITE tiles from factory 1 to pattern line 0,0,0,0,1,0,0,0,0,0,0,0,1,0,0,0,0,0,0,0,0,0,1,0,0,0,0,0,1,0,0,0,0,0,0,0,0,0,0,0,0,0,1,0,0,0,0,0,1,1,0
Player 1 takes WHITE tiles from factory 1 to pattern line 1,0,0,0,0,0,0,0,0,0,0,0,0,0,0,0,0,0,0,0,0,0,0,0,0,0,1,0,0,0,0,1,1,1,0,0,0,0,0,1,0,0,0,0,0,0,0,0,0,0,0
Player 1 takes WHITE tiles from factory 2 to pattern line 3,1,0,0,0,0,0,0,0,0,0,0,0,0,0,0,0,0,0,0,0,0,0,0,0,0,0,0,0,0,0,0,1,0,0,0,0,0,0,0,0,0,1,0,0,0,0,0,0,0,0
Player 1 takes WHITE tiles from factory 2 to pattern line 4,0,0,0,0,0,0,0,0,0,0,0,0,0,0,0,0,0,1,0,0,0,0,0,0,0,0,0,0,0,0,0,0,0,0,0,0,0,0,0,0,0,0,0,0,0,0,0,1,0,0
Player 1 takes WHITE tiles from factory 2 to pattern line 1,0,0,0,0,0,0,0,1,0,0,0,1,0,0,0,0,0,0,0,0,0,0,0,0,0,0,0,0,1,0,0,1,0,0,0,0,0,0,0,0,1,0,0,0,0,0,0,1,0,0
Player 1 takes WHITE tiles from factory 2 to pattern line 2,0,0,1,0,0,0,0,0,0,0,1,0,0,0,0,0,0,0,0,0,0,0,0,1,0,0,0,0,0,0,0,0,0,0,0,0,0,0,0,0,0,0,0,0,0,0,0,0,0,0
Player 1 takes BLUE tiles from factory 2 to pattern line 3,0,0,0,0,0,0,0,0,0,0,0,0,0,0,0,0,0,0,0,0,0,0,0,0,0,0,1,0,0,0,0,0,0,0,0,0,0,0,0,0,0,0,0,0,1,0,0,0,0,0
Player 1 takes WHITE tiles from factory 2 to pattern line 0,0,1,0,0,0,0,0,0,0,0,0,0,0,1,0,0,0,0,0,0,0,0,0,0,0,0,0,0,0,0,0,0,0,0,0,0,1,0,0,0,0,0,0,0,0,0,0,0,0,0
Player 1 takes BLUE tiles from factory 2 to pattern line 2,0,0,0,0,1,0,0,1,0,1,0,0,0,0,0,0,0,0,0,1,0,0,0,0,0,0,0,0,0,0,0,0,0,0,0,0,0,0,0,0,0,0,0,0,1,0,0,0,0,0
Player 1 takes BLUE tiles from factory 2 to pattern line 4,0,0,0,0,0,0,2,0,0,0,0,0,0,0,0,0,0,0,1,0,0,0,0,0,0,0,0,0,0,0,0,0,0,0,1,0,0,0,0,0,0,0,0,0,0,0,0,0,0,0
Player 0 takes YELLOW tiles from factory 1 to pattern line 0,0,0,0,0,0,0,0,0,0,0,0,0,0,0,1,0,0,0,0,0,0,0,0,0,0,0,0,0,0,0,1,0,0,0,0,0,0,0,0,0,0,0,1,0,0,0,0,0,0,0
Player 0 takes YELLOW tiles from factory 1 to pattern line 1,0,0,0,0,1,1,1,0,0,0,0,0,0,0,0,0,0,0,1,0,0,0,0,0,0,0,0,0,0,0,0,0,0,0,0,0,0,0,0,0,0,0,0,0,0,0,0,0,1,0
Player 0 takes BLUE tiles from factory 4 to pattern line 4,0,0,0,0,0,0,0,0,0,0,1,0,0,0,0,0,0,0,0,0,0,0,0,0,0,0,0,0,0,0,0,0,0,0,0,0,0,0,0,0,0,0,0,0,0,0,0,0,0,1
Player 0 takes YELLOW tiles from factory 1 to pattern line 2,0,0,0,0,0,0,0,0,0,0,0,0,0,0,0,0,0,0,0,0,0,0,1,0,0,0,0,0,0,0,0,0,0,0,0,0,0,0,0,0,0,0,0,0,0,1,0,0,0,0
Player 0 takes BLUE tiles from factory 4 to pattern line 3,0,0,0,1,0,0,0,0,0,0,0,0,0,0,0,0,0,0,0,0,0,0,0,1,0,0,1,0,0,0,0,0,0,0,0,0,0,0,0,0,0,0,0,0,0,0,1,0,0,0
Player 0 takes YELLOW tiles from factory 1 to pattern line 3,0,0,0,0,0,0,0,0,0,0,0,0,1,0,0,0,0,0,0,0,0,1,0,0,0,0,0,0,0,0,0,0,0,0,0,0,0,0,0,0,0,0,0,0,1,0,0,0,0,0
Player 0 takes BLUE tiles from factory 4 to pattern line 2,0,0,0,0,0,0,0,0,0,0,0,0,0,0,0,0,0,0,0,0,0,0,0,1,0,0,0,0,0,0,0,0,1,1,0,0,0,1,0,1,0,0,0,0,0,0,0,0,0,0
Player 0 takes YELLOW tiles from factory 1 to pattern line 4,0,0,0,0,0,0,0,0,0,0,0,0,0,0,0,0,0,0,0,0,0,0,0,0,0,0,0,0,0,0,0,0,0,0,0,0,0,0,0,1,0,0,0,0,0,0,0,0,0,0
Player 0 takes BLUE tiles from factory 4 to pattern line 1,0,1,0,0,0,0,0,1,1,1,0,0,0,0,0,0,0,0,0,0,0,1,0,0,0,1,0,0,0,0,0,0,0,0,0,0,0,0,0,0,0,1,0,0,0,0,0,0,0,0
Player 0 takes BLUE tiles from factory 4 to pattern line 0,0,0,0,1,0,0,1,0,1,0,1,0,0,0,0,0,0,0,0,0,0,0,0,0,0,0,0,1,0,0,0,1,0,0,0,0,0,0,0,0,0,0,0,0,0,0,0,1,0,0
Player 0 takes RED tiles from factory 1 to pattern line 4,0,0,0,0,0,0,0,0,0,0,0,0,0,0,0,0,0,0,0,0,0,0,1,0,0,0,0,0,0,0,0,0,0,0,0,0,0,0,0,0,0,0,0,0,0,0,0,0,0,0
Player 0 takes RED tiles from factory 1 to pattern line 3,0,0,0,0,0,1,0,0,0,0,0,0,0,0,0,0,0,0,0,0,0,0,0,0,0,0,0,0,0,0,0,0,0,0,0,0,0,0,0,0,0,0,0,1,0,0,0,0,0,0
Player 1 takes BLUE tiles from factory 4 to floor line,0,0,0,0,0,0,0,0,0,0,0,0,0,0,0,0,0,1,0,0,0,0,0,0,0,0,0,0,0,0,0,0,0,0,0,0,0,0,0,0,0,0,0,0,0,0,0,0,0,0
Player 0 takes RED tiles from factory 1 to pattern line 2,0,0,0,0,0,0,0,0,0,0,0,1,0,0,0,0,0,0,0,0,0,0,0,0,0,0,0,0,0,0,0,0,0,0,0,0,1,0,1,0,0,0,0,0,0,1,0,0,0,0
Player 0 takes RED tiles from factory 1 to pattern line 1,0,0,0,0,0,0,0,0,1,1,0,0,0,0,0,0,0,0,0,0,0,0,0,0,1,0,0,1,0,1,0,0,0,0,0,2,0,1,0,0,0,0,0,0,1,0,0,0,0,0
Player 0 takes RED tiles from factory 1 to pattern line 0,0,0,0,0,0,0,0,0,0,0,0,0,0,1,0,0,1,0,0,1,0,0,0,0,0,0,0,0,0,0,0,0,1,0,0,1,0,0,0,0,0,1,0,0,0,0,0,0,0,0
Player 0 takes YELLOW tiles from factory 3 to pattern line 4,0,0,0,2,1,0,0,0,0,0,0,0,0,0,0,0,0,0,0,0,0,0,0,0,0,0,0,0,0,0,0,0,0,0,0,0,0,0,0,0,0,0,0,0,0,0,0,0,0,0
Player 0 takes YELLOW tiles from factory 3 to pattern line 1,0,1,1,0,0,0,0,0,0,0,1,0,0,0,0,1,0,1,0,0,0,1,0,0,1,0,0,1,0,0,0,0,1,0,0,0,0,0,0,0,0,0,0,0,1,0,0,0,0,1
Player 0 takes YELLOW tiles from factory 3 to pattern line 0,0,1,0,0,0,0,0,0,0,0,0,0,0,0,0,0,0,0,1,0,0,0,0,0,0,0,0,0,1,0,0,0,0,0,0,0,0,0,1,0,0,0,0,0,0,0,0,0,0,0
Player 0 takes YELLOW tiles from factory 3 to pattern line 3,0,0,0,0,0,0,0,0,1,0,0,0,0,0,0,0,1,0,0,0,0,0,0,0,0,0,0,0,0,0,0,1,2,0,0,0,0,0,0,0,0,0,0,0,0,0,0,0,0,0
Player 0 takes YELLOW tiles from factory 3 to pattern line 2,0,0,0,0,0,0,0,0,0,0,0,0,0,0,1,0,0,0,0,0,1,0,0,0,0,0,0,0,0,0,0,0,0,1,0,0,0,0,0,0,0,0,0,1,0,0,0,0,0,0
Player 1 takes YELLOW tiles from centre pool to pattern line 3,0,0,0,1,0,1,1,0,0,0,0,1,2,0,1,2,0,0,0,0,0,1,0,0,2,0,1,0,1,1,1,0,0,0,0,0,0,0,0,0,2,0,0,1,1,0,0,0,2,1
Player 1 takes YELLOW tiles from centre pool to pattern line 4,1,0,0,0,1,1,0,1,0,0,0,0,1,2,1,0,3,0,0,0,1,1,0,0,0,1,0,0,0,2,2,1,1,0,0,1,0,0,1,0,0,0,0,1,0,0,0,1,0,2
Player 1 takes RED tiles from factory 1 to pattern line 0,0,0,1,0,0,0,0,0,0,0,1,0,0,0,0,0,0,0,0,0,1,0,0,0,0,0,0,0,0,0,0,0,0,0,1,0,0,0,0,0,0,0,0,0,0,0,1,0,1,0
Player 0 takes BLACK tiles from centre pool to floor line,0,0,0,1,0,0,1,0,2,0,0,1,0,0,2,0,1,1,1,0,2,2,1,1,0,1,2,0,1,1,1,0,0,1,1,0,0,0,1,0,1,0,0,1,1,0,2,0,2,0
Player 1 takes RED tiles from factory 1 to pattern line 1,0,0,0,1,0,0,0,1,0,0,0,0,0,0,0,0,0,0,0,1,0,0,0,0,0,0,0,0,0,0,0,0,0,0,1,0,0,0,0,0,0,0,0,0,0,0,0,0,0,0
Player 0 takes WHITE tiles from factory 4 to pattern line 0,0,1,1,0,0,0,0,0,0,0,0,0,0,0,0,0,0,0,0,0,1,0,0,0,0,0,0,0,1,0,0,0,0,1,0,0,0,0,0,0,0,0,0,0,0,1,1,0,0,0
Player 1 takes RED tiles from factory 1 to pattern line 2,0,0,0,0,0,0,0,0,0,1,0,0,0,0,0,0,1,0,0,0,0,0,0,0,0,1,0,0,0,0,0,0,0,0,0,0,0,1,0,0,0,0,0,0,0,0,0,0,0,0
Player 0 takes BLUE tiles from factory 3 to pattern line 3,0,0,0,0,0,0,0,0,0,0,0,1,0,0,0,0,0,0,0,0,0,0,0,1,0,1,0,0,0,0,0,0,0,0,0,0,0,0,0,0,1,1,0,0,0,0,0,0,0,0
Player 0 takes BLUE tiles from factory 3 to pattern line 2,1,0,1,0,0,0,0,0,0,0,0,0,0,1,0,0,0,0,0,0,0,0,0,0,0,0,0,0,0,0,1,0,0,0,0,0,0,0,0,0,1,0,0,0,0,0,0,0,0,0
Player 0 takes WHITE tiles from factory 4 to pattern line 1,0,0,0,0,1,0,0,1,0,1,0,0,0,0,0,0,0,0,0,0,0,0,0,0,0,0,0,0,0,0,0,0,0,0,0,0,0,0,0,0,1,0,0,0,0,0,0,0,1,0
Player 1 takes YELLOW tiles from centre pool to pattern line 0,0,0,0,0,0,0,0,0,0,0,0,0,0,0,1,0,0,1,0,1,0,0,1,0,0,1,1,1,0,0,1,0,1,0,1,1,0,0,0,0,0,0,1,1,0,0,0,1,0,1
Player 1 takes RED tiles from factory 1 to pattern line 3,0,0,0,0,0,0,0,0,0,0,0,0,0,0,0,0,0,0,0,0,0,0,0,0,0,0,0,0,0,0,0,0,0,0,0,0,0,0,0,0,0,0,1,0,0,0,0,1,0,0
Player 1 takes YELLOW tiles from centre pool to pattern line 1,0,0,1,0,0,0,1,0,0,0,1,0,0,0,0,0,0,0,1,0,1,0,0,1,0,0,0,1,0,0,0,1,0,1,1,0,1,0,0,0,1,1,1,0,1,0,0,0,1,0
Player 1 takes RED tiles from factory 1 to pattern line 4,0,0,0,1,0,0,0,0,0,0,0,0,0,0,0,0,0,0,0,0,0,0,0,0,0,0,0,0,0,0,0,0,0,0,0,0,0,0,0,0,0,0,0,0,0,0,1,0,0,0
Player 1 takes YELLOW tiles from centre pool to pattern line 2,0,1,1,1,0,0,0,0,0,1,0,2,0,0,0,0,0,1,1,0,0,0,0,0,0,0,1,0,1,1,0,0,0,1,0,0,0,0,0,0,1,1,1,0,0,0,1,0,0,0
Player 0 takes WHITE tiles from factory 4 to pattern line 4,0,0,0,0,0,0,0,0,0,0,0,0,0,0,0,0,0,0,0,0,0,0,0,0,0,0,0,0,0,0,0,0,0,0,0,0,0,0,0,0,0,0,0,0,1,0,0,0,0,0
Player 0 takes WHITE tiles from factory 4 to pattern line 2,0,0,0,0,0,0,0,0,0,0,0,0,0,0,1,0,0,0,0,0,0,0,0,0,0,0,0,0,0,0,1,0,0,0,0,0,0,0,0,0,0,0,0,1,0,0,0,0,0,0
Player 0 takes WHITE tiles from factory 4 to pattern line 3,0,0,0,0,0,0,0,0,0,0,0,0,0,0,1,0,0,0,0,0,0,0,0,0,0,0,0,0,0,0,0,0,0,0,0,0,0,0,0,0,0,0,0,0,0,0,0,0,0,0
Player 0 takes BLACK tiles from factory 0 to pattern line 1,0,0,0,0,0,0,1,0,1,0,0,0,0,0,0,0,0,0,0,0,0,0,0,0,0,0,0,0,0,0,0,0,0,0,1,0,0,0,1,0,0,0,0,0,0,0,0,0,0,0
Player 0 takes BLACK tiles from factory 0 to pattern line 0,0,1,0,1,0,1,0,0,1,0,1,0,0,0,0,0,0,0,0,0,0,0,0,0,0,0,0,1,0,0,0,0,0,0,0,0,0,0,0,0,0,0,0,0,0,0,0,0,0,0
Player 1 takes YELLOW tiles from centre pool to floor line,0,1,1,0,0,0,1,0,0,0,1,0,0,0,0,0,1,1,1,0,0,1,2,1,0,0,1,0,0,0,1,0,1,2,1,0,1,0,0,1,0,0,0,0,1,1,0,0,0,0
Player 0 takes BLACK tiles from factory 0 to pattern line 3,0,0,0,0,0,0,0,0,0,0,0,0,0,0,0,0,0,0,0,1,0,0,0,0,0,0,0,0,0,0,0,0,0,0,0,0,0,0,0,0,0,0,0,0,0,0,0,0,1,0
Player 1 takes BLUE tiles from factory 3 to pattern line 0,1,0,0,0,0,0,0,0,1,0,0,0,0,1,0,0,0,0,0,0,0,0,0,0,0,0,0,0,0,0,0,0,0,0,1,0,0,0,0,0,0,0,0,0,0,0,0,0,0,1
Player 0 takes BLACK tiles from factory 0 to pattern line 2,0,0,0,0,0,0,0,0,0,0,0,0,0,0,0,0,0,0,0,0,0,0,0,0,0,1,0,0,0,0,0,0,0,0,0,0,0,0,0,0,0,0,0,0,0,0,0,0,0,0
Player 1 takes BLUE tiles from factory 0 to pattern line 4,0,0,0,0,0,0,0,0,0,0,0,0,0,0,0,0,0,0,0,0,0,0,0,0,0,0,0,0,1,0,0,0,0,0,0,0,0,0,0,0,0,0,0,0,0,0,0,0,0,0
Player 1 takes WHITE tiles from factory 4 to pattern line 4,0,0,0,0,0,0,0,0,0,0,0,0,0,0,0,0,0,0,0,0,0,0,0,0,0,0,0,0,0,0,0,0,0,0,0,0,0,0,1,0,0,0,0,0,0,0,0,0,0,0
Player 1 takes WHITE tiles from factory 4 to pattern line 3,1,0,0,0,0,0,0,0,0,0,0,0,0,0,0,0,0,0,1,0,0,0,0,0,0,0,0,0,0,0,0,0,0,1,0,0,0,0,0,0,0,0,0,0,0,0,0,0,0,0
Player 0 takes RED tiles from factory 3 to pattern line 0,1,0,0,0,1,1,0,0,0,0,0,0,0,0,1,0,0,0,1,0,0,0,0,1,1,0,0,0,0,0,0,1,0,0,0,0,0,1,0,0,0,0,0,0,0,0,1,0,0,0
Player 1 takes BLUE tiles from factory 3 to floor line,0,0,0,0,0,0,0,0,0,0,0,0,0,0,0,0,0,0,0,0,0,0,0,0,0,0,0,0,0,0,0,0,0,0,0,0,0,0,0,0,0,0,0,0,0,1,0,0,1,0
Player 0 takes RED tiles from factory 3 to pattern line 1,0,0,0,0,0,1,0,0,0,0,0,0,0,0,0,1,0,0,0,0,0,0,0,0,0,0,0,0,1,0,1,0,1,0,1,0,0,0,0,0,0,0,0,0,0,0,1,0,0,0
Player 0 takes RED tiles from factory 3 to pattern line 2,0,0,0,1,0,0,0,0,0,0,0,0,0,1,0,0,0,0,0,0,0,0,0,0,0,0,0,0,0,0,0,0,0,0,0,0,0,0,0,0,0,0,0,0,0,0,0,0,0,0
Player 1 takes WHITE tiles from factory 4 to pattern line 2,2,0,0,0,0,0,0,1,0,0,0,0,0,0,0,0,0,0,0,0,0,0,0,0,0,0,0,0,1,0,0,0,0,0,0,0,0,0,0,0,0,0,1,0,1,0,0,0,0,0
Player 1 takes WHITE tiles from factory 4 to pattern line 1,0,0,0,0,1,0,0,0,0,0,0,0,0,0,0,0,0,1,0,0,0,0,0,0,0,0,0,1,0,0,0,0,1,0,0,0,0,0,0,0,0,0,0,0,0,0,0,0,0,0
Player 1 takes WHITE tiles from factory 4 to pattern line 0,0,0,0,0,0,0,0,0,0,0,0,0,0,0,0,0,0,0,1,0,0,0,0,0,0,0,0,0,0,0,0,0,1,0,0,0,0,0,1,0,0,0,0,0,0,0,1,0,0,0
Player 1 takes YELLOW tiles from factory 1 to pattern line 0,0,1,0,0,0,0,0,0,0,0,0,0,1,0,0,0,0,0,0,0,0,1,0,0,0,0,0,0,0,0,0,0,0,0,0,0,0,0,0,0,0,0,0,0,0,0,0,0,0,0
Player 1 takes YELLOW tiles from factory 1 to pattern line 3,0,0,0,0,0,1,0,0,0,0,0,0,0,0,0,1,0,1,0,0,0,0,0,0,0,0,0,0,0,0,0,0,0,0,0,0,0,0,0,0,0,0,1,0,1,0,0,0,0,0
Player 0 takes RED tiles from factory 3 to pattern line 3,0,0,0,0,0,0,0,1,0,0,0,0,0,0,0,0,0,0,0,0,0,0,0,0,0,0,0,0,0,0,0,0,0,0,0,0,0,0,0,0,0,0,0,0,0,0,0,0,0,0
Player 0 takes RED tiles from factory 3 to pattern line 4,1,0,0,0,0,0,0,0,0,0,0,0,0,0,0,0,1,0,0,0,0,1,0,0,0,0,0,0,0,0,0,0,0,0,0,0,0,0,0,1,0,0,0,0,0,0,0,0,0,0
Player 1 takes YELLOW tiles from factory 1 to pattern line 4,0,0,0,0,1,1,0,1,0,0,0,1,0,0,1,0,0,0,0,0,3,0,0,0,0,0,0,1,0,0,0,0,1,0,0,1,0,0,0,0,0,0,0,1,0,0,0,1,0,0
Player 0 takes WHITE tiles from factory 2 to pattern line 4,0,0,0,0,0,0,0,0,0,0,0,0,0,0,0,1,0,0,1,0,0,0,0,0,1,0,0,0,0,0,0,0,0,0,0,0,0,0,0,0,0,0,0,0,0,0,0,0,0,0
Player 1 takes YELLOW tiles from factory 1 to pattern line 1,0,1,0,0,1,0,0,0,0,0,0,0,0,0,0,0,0,1,1,0,0,0,1,0,0,0,0,0,0,0,1,0,1,0,0,0,0,0,0,0,0,0,0,1,0,0,0,0,0,0
Player 1 takes YELLOW tiles from factory 1 to pattern line 2,1,0,1,0,0,0,0,0,0,0,0,0,0,0,0,0,0,1,1,0,0,0,0,0,0,0,0,0,0,0,0,0,0,1,0,0,0,0,0,0,1,0,1,0,0,0,0,1,0,0
Player 0 takes WHITE tiles from factory 2 to pattern line 1,0,0,0,0,0,0,0,0,0,0,0,0,0,0,0,0,1,0,0,0,1,0,0,0,0,0,1,0,0,0,0,0,0,0,0,0,0,0,0,0,0,0,0,0,0,0,0,1,1,0
Player 0 takes BLUE tiles from centre pool to floor line,5,2,2,4,2,5,4,2,6,4,6,5,1,2,4,3,4,4,2,4,4,5,3,4,2,4,5,3,2,4,3,5,5,3,4,4,2,3,3,2,3,2,5,6,4,2,3,5,5,2
Player 0 takes WHITE tiles from factory 2 to pattern line 0,0,0,0,0,0,0,0,0,0,0,0,0,0,0,1,0,0,0,0,0,0,0,0,0,0,0,0,0,0,0,0,0,1,0,1,1,0,0,0,0,0,1,0,0,0,0,0,0,0,0
Player 0 takes WHITE tiles from factory 2 to pattern line 3,0,0,0,0,0,0,0,0,0,0,0,0,0,0,0,0,0,0,0,0,0,0,0,0,0,0,0,1,0,0,0,0,0,0,0,0,0,0,0,0,0,0,0,0,0,0,0,0,0,0
Player 0 takes WHITE tiles from factory 2 to pattern line 2,0,0,0,0,0,0,0,0,0,1,0,0,0,0,0,0,0,0,0,0,0,0,1,0,0,0,0,0,0,0,0,0,0,0,0,1,0,1,1,0,0,0,0,0,0,0,1,0,0,0
Player 0 takes RED tiles from centre pool to floor line,0,1,1,0,0,0,0,1,0,0,3,1,3,0,0,1,0,3,0,0,1,0,0,1,1,3,1,1,1,0,2,4,1,0,0,1,0,0,0,0,0,2,1,0,1,1,0,1,1,1
Player 0 takes BLACK tiles from factory 2 to pattern line 0,0,0,0,0,0,0,1,0,0,0,0,0,0,0,0,0,0,0,0,0,0,0,1,1,0,0,0,0,0,0,0,0,0,0,0,0,0,0,0,0,1,0,1,0,0,0,0,0,0,0
Player 1 takes RED tiles from factory 4 to pattern line 3,0,0,0,0,0,0,0,0,0,0,0,0,0,0,0,0,0,0,0,0,0,0,1,0,0,0,0,1,0,0,1,0,0,0,0,0,0,0,1,0,0,0,0,0,0,0,0,1,0,0
Player 1 takes RED tiles from factory 4 to pattern line 4,0,0,0,1,0,0,0,0,0,1,0,0,0,0,0,0,0,0,0,0,0,0,0,0,0,0,1,0,0,0,0,0,1,0,0,0,0,0,0,0,0,0,0,0,0,1,0,0,0,0
Player 0 takes BLACK tiles from factory 2 to pattern line 1,0,0,0,0,0,0,0,0,0,0,0,0,1,0,0,0,0,0,0,0,0,0,0,0,0,0,0,0,0,0,0,0,0,0,0,0,0,0,0,0,0,0,0,1,0,1,0,1,0,0
Player 0 takes WHITE tiles from factory 0 to pattern line 1,1,1,0,0,0,0,0,0,0,0,0,0,0,1,0,0,0,0,0,0,0,0,0,0,1,0,0,1,0,0,0,1,0,0,1,1,0,0,1,0,1,0,0,0,0,0,1,0,0,0
Player 0 takes WHITE tiles from factory 0 to pattern line 0,0,0,0,0,1,0,0,1,0,0,0,0,0,1,0,0,0,0,0,0,0,0,0,0,0,0,0,0,0,0,0,0,0,0,0,0,0,0,0,0,0,0,0,0,0,0,0,0,0,1
Player 0 takes WHITE tiles from factory 0 to pattern line 3,0,1,0,0,1,0,0,0,0,0,0,1,0,0,0,0,0,0,0,0,0,0,0,0,1,0,0,0,0,0,0,0,0,0,0,0,0,0,0,0,0,0,0,0,0,0,0,0,0,0
Player 1 takes BLUE tiles from factory 2 to floor line,0,0,1,0,0,0,0,0,0,0,0,0,0,0,1,0,0,0,0,0,0,0,0,0,0,0,0,0,0,0,0,0,0,0,0,0,0,0,0,1,0,0,0,0,0,0,0,0,0,0
Player 0 takes WHITE tiles from factory 0 to pattern line 2,0,0,0,0,0,0,0,0,0,0,0,0,0,0,0,0,0,0,0,0,0,0,0,0,0,0,0,0,0,0,0,0,0,0,1,1,0,0,0,0,0,0,0,0,0,1,0,0,0,0
Player 0 takes WHITE tiles from factory 0 to pattern line 4,0,0,1,0,0,0,0,0,0,0,0,1,0,0,0,1,0,0,0,0,0,0,0,0,0,0,0,0,0,0,0,0,0,0,0,0,0,0,0,0,0,0,0,0,0,0,0,0,0,0
Player 1 takes YELLOW tiles from factory 2 to pattern line 4,1,0,0,0,1,1,0,0,0,0,0,1,0,0,0,0,0,0,0,0,0,0,0,0,0,1,0,1,0,1,1,0,1,0,0,0,0,0,0,0,0,0,0,0,0,0,0,0,0,0
Player 1 takes RED tiles from factory 4 to pattern line 0,0,0,0,0,0,0,1,0,0,0,0,0,0,0,0,0,0,0,1,1,0,0,0,0,0,0,0,0,0,1,0,0,0,0,0,1,0,1,0,0,0,0,0,0,0,1,0,0,0,0
Player 1 takes RED tiles from factory 4 to pattern line 1,1,0,0,0,0,1,0,0,1,0,0,0,1,1,0,0,0,0,0,0,0,0,0,0,0,0,0,0,0,0,1,0,0,0,1,0,0,0,0,0,0,0,0,0,0,0,0,0,0,0
Player 1 takes RED tiles from factory 4 to pattern line 2,0,0,0,0,1,0,0,0,0,0,0,0,0,0,1,0,0,0,0,0,0,0,0,0,0,0,0,0,0,0,0,0,0,0,0,0,1,0,0,0,0,0,0,0,0,0,0,0,0,0
Player 1 takes YELLOW tiles from factory 2 to pattern line 1,0,0,0,0,1,0,0,0,1,0,0,1,0,0,0,1,0,0,0,0,0,1,0,1,0,0,0,0,0,0,0,0,0,1,0,0,0,0,0,0,1,0,0,0,0,0,0,0,0,1
Player 1 takes YELLOW tiles from factory 2 to pattern line 0,0,0,0,0,0,1,0,0,0,0,0,0,0,0,0,0,0,0,1,0,1,0,0,0,0,0,0,0,0,0,0,0,0,0,0,0,1,0,0,0,0,0,0,0,0,0,0,0,0,0
Player 1 takes YELLOW tiles from factory 2 to pattern line 3,0,0,0,0,0,0,0,1,0,0,0,0,1,0,0,0,0,1,0,0,0,0,0,0,0,0,0,0,0,0,0,0,0,0,0,0,0,0,0,0,0,0,0,0,0,0,2,0,0,1
Player 1 takes YELLOW tiles from factory 2 to pattern line 2,1,0,0,1,0,0,0,0,1,0,0,0,0,0,0,0,0,1,0,0,0,0,0,0,0,0,0,0,0,0,0,0,0,0,0,0,0,0,0,0,0,1,1,1,0,0,0,0,0,0
Player 0 takes BLACK tiles from factory 3 to pattern line 0,0,0,0,0,0,0,0,0,0,0,0,1,0,0,0,0,1,0,0,0,0,0,0,0,0,1,0,0,0,0,0,0,1,0,1,0,1,0,0,0,0,1,0,0,1,0,0,1,0,1
Player 1 takes RED tiles from factory 3 to pattern line 1,0,0,0,0,0,0,0,0,0,0,0,1,0,0,0,0,0,0,1,0,0,1,0,0,0,0,0,1,0,0,0,1,0,0,0,0,0,0,0,0,0,0,0,1,0,1,0,0,0,1
Player 0 takes BLACK tiles from factory 0 to pattern line 4,0,0,1,0,1,0,0,0,0,0,0,0,0,0,0,0,0,0,0,0,0,0,0,1,0,0,0,0,0,0,0,0,0,0,0,0,0,0,0,0,1,0,0,0,0,0,0,0,0,0
Player 1 takes RED tiles from factory 3 to pattern line 0,0,0,0,0,0,0,0,0,1,0,0,0,0,0,0,0,0,0,0,0,0,0,0,0,0,0,0,0,0,0,0,0,0,1,0,0,0,0,0,0,0,0,1,0,0,0,0,0,0,0
Player 1 takes RED tiles from factory 3 to pattern line 3,0,0,0,0,0,0,0,0,0,0,0,0,0,0,0,0,1,0,0,0,0,0,0,0,0,0,0,0,0,0,1,0,0,0,0,0,0,0,0,0,0,0,0,0,0,0,0,0,0,0
Player 1 takes RED tiles from factory 3 to pattern line 2,0,0,0,1,0,1,0,1,0,0,0,0,1,1,0,0,0,0,0,2,0,0,0,0,0,0,0,0,0,0,0,0,0,0,0,1,0,0,0,0,0,0,0,0,0,0,0,0,0,0
Player 0 takes RED tiles from factory 0 to pattern line 2,0,0,1,0,0,0,0,0,0,0,0,0,0,0,0,0,0,0,0,0,0,0,0,0,0,0,0,0,0,0,0,0,0,0,0,0,0,0,0,0,0,0,1,0,0,0,0,0,0,1
Player 0 takes RED tiles from factory 0 to pattern line 3,1,0,0,0,0,0,0,1,0,0,0,0,0,0,0,0,0,0,0,0,0,0,0,0,0,0,0,0,0,0,0,0,0,0,0,0,0,0,0,0,0,0,0,0,0,0,0,0,0,0
Player 0 takes BLUE tiles from factory 3 to pattern line 1,0,0,0,0,0,0,0,0,0,0,0,0,0,0,0,0,0,0,1,0,1,0,0,0,0,0,0,0,0,0,0,0,0,0,0,0,0,0,0,0,0,0,0,1,0,0,0,0,0,0
Player 0 takes RED tiles from factory 0 to pattern line 4,0,0,0,0,0,0,0,0,0,0,0,0,0,0,0,0,0,0,0,0,0,0,0,0,0,0,0,0,0,0,0,0,0,1,0,0,0,0,0,0,0,0,0,0,0,0,0,0,0,0
Player 0 takes BLUE tiles from factory 3 to pattern line 0,1,0,0,0,0,1,0,0,0,0,0,0,0,0,0,0,0,0,0,0,0,0,0,1,0,0,0,0,1,0,0,0,0,0,0,0,1,0,0,0,0,0,0,0,0,0,0,0,1,0
Player 0 takes RED tiles from factory 0 to pattern line 0,0,0,0,1,0,0,0,1,0,0,0,0,0,0,0,0,0,0,0,0,0,0,0,0,0,0,1,0,1,0,0,0,0,1,0,0,0,0,0,0,0,0,0,1,0,0,0,0,0,0
Player 0 takes RED tiles from factory 0 to pattern line 1,1,0,0,0,0,0,0,0,0,0,1,0,1,0,0,0,0,0,0,1,1,0,1,0,0,0,1,0,0,0,0,1,0,0,0,0,1,0,0,0,0,0,1,1,0,1,0,1,0,0
Player 1 takes RED tiles from factory 3 to pattern line 4,0,0,0,0,0,0,0,0,0,0,0,0,0,0,0,0,0,0,0,0,0,0,2,0,0,0,0,0,0,0,1,0,0,0,0,1,0,0,0,0,1,0,0,0,0,0,0,0,0,0
Player 0 takes WHITE tiles from factory 3 to pattern line 3,0,0,1,0,0,0,0,0,0,0,0,0,0,0,0,0,0,0,0,0,1,0,0,0,0,0,0,0,0,0,0,0,0,0,0,0,0,0,1,0,0,0,0,0,0,0,0,0,0,0
Player 0 takes WHITE tiles from factory 3 to pattern line 4,0,0,1,0,0,0,0,0,0,1,0,0,0,0,0,0,0,0,0,0,0,0,0,0,0,0,0,0,0,1,0,0,0,0,0,0,0,0,0,0,0,0,0,0,0,0,0,0,0,0
Player 0 takes WHITE tiles from centre pool to pattern line 4,0,1,1,0,0,0,1,0,0,2,0,2,0,2,0,1,0,3,1,0,0,2,0,0,2,2,1,2,0,2,0,3,2,0,0,0,0,0,0,1,0,0,2,3,2,2,2,2,0,2
Player 0 takes WHITE tiles from centre pool to pattern line 3,1,1,0,0,0,0,0,1,1,1,1,1,1,0,1,0,2,0,0,1,1,1,1,2,1,0,0,1,0,1,3,0,1,1,2,1,1,1,2,0,1,1,1,1,1,0,1,0,0,1
Player 0 takes WHITE tiles from centre pool to pattern line 2,1,1,1,1,0,1,0,0,0,0,0,0,1,1,1,0,1,1,1,1,1,2,0,0,1,1,1,1,1,1,0,1,1,0,0,0,0,0,0,0,1,1,1,0,1,0,1,1,1,0
Player 1 takes WHITE tiles from factory 3 to pattern line 0,0,0,0,0,0,0,0,0,0,0,1,0,0,0,0,0,1,0,0,0,0,0,0,0,0,0,1,0,0,0,0,0,0,0,0,0,0,0,0,1,0,0,0,1,0,0,0,0,0,0
Player 0 takes WHITE tiles from centre pool to pattern line 1,0,0,1,1,0,1,1,0,0,0,1,1,0,0,0,0,0,1,1,0,0,0,1,0,0,0,0,0,0,0,0,0,0,1,0,0,1,0,0,0,0,0,0,0,1,1,0,0,0,1
Player 1 takes WHITE tiles from factory 3 to pattern line 1,0,0,0,0,0,0,0,0,0,0,1,0,0,0,0,0,0,0,0,1,0,0,0,0,0,0,0,0,0,0,0,0,0,0,0,0,1,0,0,0,1,0,0,0,0,0,0,0,0,0
Player 1 takes WHITE tiles from factory 3 to pattern line 2,0,0,1,0,0,0,0,0,0,0,0,0,1,0,0,0,0,0,0,0,0,0,0,0,0,0,1,0,0,0,0,0,0,0,0,0,1,0,0,0,0,1,0,0,1,1,0,0,0,0
Player 0 takes WHITE tiles from centre pool to pattern line 0,0,0,0,1,0,1,1,0,1,1,0,1,0,0,0,1,0,1,0,0,0,0,1,0,0,1,0,0,0,1,1,0,0,0,0,0,1,0,0,0,0,0,1,1,0,0,0,1,0,0
Player 1 takes WHITE tiles from factory 3 to pattern line 3,1,0,0,0,0,0,0,0,0,0,0,0,0,0,0,0,0,1,0,0,0,0,0,0,0,1,0,0,0,0,0,0,0,1,0,0,0,0,1,0,0,1,0,0,0,0,0,0,0,0
Player 1 takes WHITE tiles from factory 3 to pattern line 4,0,0,0,0,0,0,0,0,0,0,0,0,0,0,0,0,0,1,0,0,0,0,0,2,0,0,0,0,1,0,0,0,0,0,0,0,0,0,0,0,0,0,0,0,0,0,0,0,0,0
Player 1 takes BLUE tiles from factory 2 to pattern line 1,1,0,0,0,0,0,0,0,0,0,0,0,0,1,0,0,0,0,0,1,1,0,0,0,0,0,0,0,0,0,0,0,0,0,1,0,0,0,0,0,0,0,0,0,1,0,0,0,0,0
Player 1 takes BLUE tiles from factory 2 to pattern line 0,0,0,1,0,0,0,0,0,0,0,0,0,0,0,0,1,0,0,0,0,0,0,0,0,1,0,0,0,0,0,0,1,0,0,0,0,0,0,0,0,0,0,0,0,0,1,0,0,0,0
Player 0 takes WHITE tiles from factory 3 to pattern line 0,0,0,0,0,0,0,0,0,0,0,0,0,0,0,0,0,0,0,1,0,0,0,0,0,0,0,1,0,0,0,0,0,0,0,0,0,0,0,0,0,0,0,0,0,1,0,0,0,0,0
Player 0 takes WHITE tiles from factory 3 to pattern line 1,0,0,0,0,0,0,0,0,0,0,0,0,0,0,0,0,0,0,0,1,0,0,0,0,0,0,0,0,0,0,1,0,0,0,0,0,0,1,0,0,0,0,1,0,0,0,0,0,0,0
Player 0 takes WHITE tiles from factory 3 to pattern line 2,0,1,0,0,0,0,1,0,0,0,0,0,0,0,0,0,0,0,0,0,0,0,0,0,0,0,0,0,0,0,0,0,0,0,1,0,1,0,0,0,0,0,0,1,0,0,0,0,0,0
Player 1 takes BLACK tiles from factory 3 to pattern line 3,0,0,0,0,2,0,1,0,0,0,0,0,0,0,0,0,0,0,0,0,0,0,0,0,0,0,0,0,0,0,0,0,1,0,0,0,0,0,0,0,0,0,0,0,0,0,0,1,0,0
Player 1 takes BLACK tiles from factory 3 to pattern line 2,0,0,0,0,0,0,0,0,0,0,0,0,0,0,0,1,0,0,0,0,0,0,0,0,0,1,0,1,0,0,0,0,0,0,0,1,0,0,0,0,0,0,0,0,0,1,0,0,0,0
Player 1 takes BLACK tiles from centre pool to floor line,1,1,0,0,0,0,0,1,0,0,0,0,0,0,0,0,1,0,1,0,0,0,1,1,1,2,0,1,0,1,0,0,0,0,0,0,0,0,1,1,0,0,1,1,1,0,0,1,0,1
Player 1 takes BLACK tiles from factory 3 to pattern line 4,0,0,0,0,0,0,0,0,0,0,1,2,1,0,1,0,0,1,0,1,0,0,0,0,0,0,0,0,0,0,0,0,0,0,0,0,0,0,0,0,0,0,0,0,0,0,1,0,0,0
Player 0 takes BLACK tiles from factory 3 to pattern line 1,0,0,0,1,0,0,0,0,0,0,0,0,0,0,0,1,0,0,0,0,0,1,0,0,0,0,0,0,0,0,0,0,0,0,0,0,0,0,0,0,0,0,1,0,0,0,0,0,0,1
Player 0 takes BLACK tiles from factory 3 to pattern line 2,0,0,0,0,0,0,0,0,0,1,0,0,0,0,0,0,0,1,0,0,0,0,0,0,0,0,0,0,0,0,0,0,0,0,0,0,0,0,0,0,0,0,0,0,0,0,0,1,0,0
Player 0 takes BLACK tiles from factory 3 to pattern line 3,0,0,0,0,0,0,0,0,0,1,0,0,0,0,0,0,0,0,0,0,0,0,0,0,0,0,0,0,0,0,0,0,0,0,0,0,0,0,0,0,1,0,0,0,0,0,0,0,0,0
Player 1 takes RED tiles from factory 0 to pattern line 3,0,0,0,0,0,0,0,0,0,0,0,0,0,0,0,0,0,0,0,0,0,1,1,0,0,0,0,1,0,0,1,0,0,0,0,0,0,0,0,0,0,0,0,0,0,0,0,0,0,0
Player 1 takes RED tiles from factory 0 to pattern line 4,0,0,0,1,0,0,0,0,0,0,0,0,0,0,0,0,2,0,0,0,0,0,0,0,0,0,1,0,0,0,0,0,1,0,0,0,0,1,0,0,0,0,0,0,0,1,0,0,1,0
Player 0 takes BLACK tiles from factory 3 to pattern line 4,0,0,0,0,0,0,0,0,0,0,0,0,0,0,0,1,0,0,0,0,0,0,1,0,0,0,0,0,0,0,0,0,0,0,0,0,0,0,0,0,0,0,0,0,0,0,0,0,0,0
Player 1 takes RED tiles from factory 0 to pattern line 1,0,0,0,0,0,0,0,0,0,0,0,0,0,0,0,0,0,0,1,0,1,0,0,0,0,0,0,1,0,0,0,0,0,0,0,0,1,0,0,0,0,0,0,0,0,0,0,0,0,0
Player 1 takes RED tiles from factory 0 to pattern line 2,0,1,0,0,0,0,0,0,0,0,0,0,1,0,0,0,0,0,0,0,0,0,0,0,1,0,0,0,0,0,0,0,1,0,0,0,0,0,0,0,0,1,0,0,0,0,0,0,0,0
Player 1 takes BLACK tiles from factory 3 to pattern line 1,0,0,0,0,1,0,0,0,0,0,0,0,0,0,0,0,0,0,0,0,0,0,1,0,1,0,0,0,0,0,0,0,0,0,0,0,0,0,0,1,0,0,1,0,0,0,0,0,0,0
Player 1 takes BLACK tiles from factory 3 to pattern line 0,0,0,0,0,0,0,0,1,0,1,0,0,0,0,0,0,0,0,0,0,0,0,0,0,0,0,0,0,0,0,0,0,0,1,0,0,0,0,0,1,0,0,1,0,0,0,0,1,0,0
Player 1 takes RED tiles from factory 0 to pattern line 0,0,0,0,0,0,0,0,0,0,1,0,0,0,0,0,1,0,0,0,0,0,0,1,0,0,0,0,0,0,0,0,0,0,0,0,0,0,0,0,0,0,0,0,0,1,0,0,1,0,0
Player 0 takes BLUE tiles from factory 0 to pattern line 2,0,0,0,0,0,0,0,0,0,0,1,1,0,0,0,0,0,1,1,0,1,0,1,0,0,0,0,0,0,0,0,0,0,0,0,1,0,0,0,0,1,0,0,0,0,0,0,0,0,1
Player 0 takes BLUE tiles from factory 0 to pattern line 1,1,0,0,0,0,0,0,0,0,0,0,1,1,0,1,0,0,1,0,0,0,0,0,0,0,0,0,0,0,0,0,1,0,0,1,0,1,0,0,0,0,0,1,0,1,0,0,0,0,0
Player 0 takes BLUE tiles from factory 0 to pattern line 4,0,0,0,0,0,0,0,0,0,0,0,0,0,0,0,0,0,0,0,0,0,0,0,0,0,0,0,0,0,0,0,0,0,0,0,0,0,0,0,0,0,0,0,0,0,0,0,1,0,0
Player 0 takes BLUE tiles from factory 0 to pattern line 3,0,0,0,0,0,0,0,0,0,0,0,0,1,0,1,0,0,0,0,0,0,0,0,0,0,0,0,0,0,0,0,0,0,0,0,0,0,0,0,0,0,1,0,0,0,0,0,0,0,0
Player 0 takes RED tiles from factory 0 to floor line,0,0,0,0,0,0,0,0,0,0,0,0,0,0,0,0,0,0,0,0,0,0,0,0,0,0,0,0,0,0,0,0,0,0,0,0,0,0,0,0,0,0,0,0,0,0,0,0,0,1
Player 0 takes BLUE tiles from factory 0 to pattern line 0,0,0,0,0,0,0,0,0,0,0,0,0,0,0,0,0,0,0,0,0,0,0,0,0,0,0,1,0,0,0,0,0,0,0,0,0,0,0,0,0,0,1,0,0,0,0,1,0,0,0
Player 0 takes YELLOW tiles from factory 4 to pattern line 2,0,0,0,0,0,0,0,0,0,0,0,0,0,0,1,0,0,0,0,0,0,0,0,0,0,0,0,0,0,0,0,0,1,0,0,0,1,0,0,0,0,0,0,0,0,0,1,0,0,0
Player 0 takes YELLOW tiles from factory 4 to pattern line 1,0,0,0,1,0,0,0,0,0,0,0,0,0,0,0,0,0,0,0,1,0,0,1,1,0,1,1,0,1,1,1,0,0,1,1,0,0,0,0,0,0,1,0,0,0,0,1,0,0,0
Player 0 takes YELLOW tiles from factory 4 to pattern line 0,0,0,0,0,0,1,0,0,0,0,0,0,0,0,0,1,0,1,0,0,0,1,0,0,0,0,0,1,0,0,0,0,0,0,0,0,0,0,0,1,1,0,0,0,1,0,0,1,0,1
Player 0 takes YELLOW tiles from factory 4 to pattern line 3,0,0,0,0,0,0,0,0,0,0,0,0,0,1,0,0,0,0,0,0,0,0,0,0,0,0,0,0,0,0,0,0,0,0,0,0,0,0,0,0,0,0,0,0,0,0,0,0,0,0
Player 1 takes BLACK tiles from factory 1 to pattern line 4,0,0,0,0,0,0,0,0,0,0,1,0,0,0,0,1,0,0,0,0,0,0,0,0,0,0,1,0,0,0,0,0,0,0,0,0,1,0,0,0,0,0,0,1,0,1,1,0,0,0
Player 0 takes WHITE tiles from centre pool to floor line,2,0,0,1,1,2,3,0,2,0,0,0,1,0,1,0,2,0,0,1,0,0,2,0,0,0,1,0,1,0,0,0,1,1,0,1,0,1,0,0,0,1,0,1,0,1,0,0,1,0
Player 1 takes BLACK tiles from factory 2 to pattern line 1,0,1,0,0,0,1,0,0,0,0,0,1,0,0,0,0,0,0,0,0,1,0,0,0,0,0,0,0,0,1,0,0,0,0,0,0,0,1,0,0,0,0,0,0,0,0,0,0,0,0
Player 1 takes BLACK tiles from factory 2 to pattern line 2,0,0,0,0,0,0,0,0,0,0,0,0,0,0,0,0,0,0,0,0,0,0,0,0,1,0,0,0,0,0,0,0,0,0,0,0,1,0,0,0,1,0,0,1,0,0,0,0,1,0
Player 1 takes BLACK tiles from factory 2 to pattern line 0,0,0,0,1,0,0,0,0,1,0,0,0,0,0,0,0,0,0,0,0,0,1,0,0,0,0,0,0,0,1,0,0,0,0,0,0,0,0,0,0,0,0,0,0,0,0,0,0,0,0
Player 1 takes BLACK tiles from factory 0 to pattern line 0,0,0,0,0,0,0,0,0,0,0,1,0,0,0,0,0,1,0,0,0,0,0,0,1,0,1,0,0,1,0,0,0,1,0,0,0,0,0,0,0,0,0,0,0,0,0,0,0,0,0
Player 1 takes BLACK tiles from factory 0 to pattern line 3,0,1,0,0,0,1,0,0,0,1,0,0,0,0,0,0,0,0,0,0,0,0,0,1,0,0,0,0,0,0,0,0,0,0,0,0,0,0,0,1,0,0,0,0,0,1,0,0,0,0
Player 1 takes BLACK tiles from factory 0 to pattern line 4,0,0,1,0,0,0,0,0,0,0,0,0,0,0,0,0,0,0,0,1,0,0,0,0,0,0,0,0,0,0,0,0,0,0,0,0,0,0,0,0,0,1,1,0,0,0,0,0,0,0
Player 1 takes BLACK tiles from factory 0 to pattern line 1,0,0,0,0,0,0,0,0,1,0,0,0,0,0,0,1,0,0,0,0,1,0,0,1,0,0,0,0,0,1,0,0,1,0,0,0,0,1,0,0,0,0,0,0,0,0,0,0,0,0
Player 1 takes BLACK tiles from factory 0 to pattern line 2,1,0,0,0,0,0,0,0,0,0,0,0,0,0,0,1,0,0,0,0,0,1,0,0,0,1,0,0,0,0,1,0,1,0,0,0,0,0,0,0,1,0,0,0,0,1,0,1,0,0
Player 1 takes BLACK tiles from factory 2 to pattern line 3,0,1,0,0,0,0,0,0,0,1,0,0,0,0,0,0,1,0,0,0,0,0,0,0,0,0,0,0,0,1,0,0,0,1,0,0,0,0,0,0,0,0,0,0,0,0,0,0,0,1
Player 1 takes BLACK tiles from factory 2 to pattern line 4,0,0,1,0,0,0,0,0,0,0,1,0,0,0,2,0,0,0,0,0,0,0,0,0,0,0,0,0,0,0,0,0,1,0,0,0,1,0,0,0,0,0,0,0,0,0,1,0,0,0
Player 1 takes BLACK tiles from factory 1 to pattern line 0,0,1,1,0,0,0,0,0,0,0,0,0,0,0,0,0,0,0,0,0,0,0,0,0,0,0,0,0,0,0,0,0,0,0,0,0,0,1,1,0,0,1,0,0,0,0,0,0,0,1
Player 1 takes BLACK tiles from factory 1 to pattern line 1,1,0,0,1,0,0,0,0,0,0,0,0,0,0,0,0,0,1,0,0,0,0,0,0,0,0,0,0,0,0,0,0,0,1,0,0,0,0,0,0,0,0,0,0,0,1,0,0,0,1
Player 0 takes BLUE tiles from centre pool to pattern line 4,0,1,0,0,0,0,0,1,0,0,1,0,0,1,0,0,0,0,0,0,0,0,0,2,0,2,0,0,1,1,3,0,0,2,0,3,0,0,0,0,0,0,2,1,0,2,0,2,3,1
Player 0 takes BLUE tiles from centre pool to pattern line 3,1,0,1,1,0,0,1,1,1,1,2,1,1,1,1,1,1,1,1,0,2,1,2,1,1,0,2,1,0,1,0,0,1,2,1,1,1,0,0,1,1,1,1,0,0,0,1,0,1,1
Player 1 takes BLACK tiles from factory 1 to pattern line 2,0,0,0,0,0,0,0,0,0,0,0,0,0,1,0,0,0,0,0,0,0,0,0,0,0,0,0,0,0,0,0,0,0,0,0,0,0,0,0,0,0,0,0,0,0,0,0,0,0,0
Player 0 takes BLUE tiles from centre pool to pattern line 2,1,1,0,1,2,1,1,1,0,1,1,0,1,0,1,0,1,1,0,1,0,2,0,1,1,0,1,1,1,0,1,1,0,0,1,0,1,1,1,0,0,1,1,1,0,1,1,1,1,0
Player 1 takes BLACK tiles from factory 1 to pattern line 3,0,0,0,0,0,0,1,0,0,0,0,0,0,0,0,0,0,0,0,0,0,0,0,1,0,0,0,0,1,0,0,0,0,1,0,0,0,0,1,1,0,0,0,0,0,0,0,0,0,0
Player 0 takes BLUE tiles from centre pool to pattern line 1,0,0,1,0,0,1,1,0,0,0,0,0,0,1,0,0,1,0,0,0,0,0,1,0,0,0,0,0,1,0,0,0,0,1,0,1,0,1,0,1,0,0,0,0,0,0,0,0,0,1
Player 0 takes BLUE tiles from centre pool to pattern line 0,0,1,0,0,0,0,0,1,0,0,0,1,1,1,0,1,1,0,1,1,1,1,0,0,0,0,0,0,0,0,0,0,0,1,1,0,0,0,0,0,1,0,0,0,0,0,0,0,0,0
Player 1 takes BLACK tiles from factory 4 to pattern line 4,0,0,1,0,0,0,0,0,0,1,0,0,0,0,0,0,0,0,0,0,0,0,0,0,0,0,0,0,0,0,0,0,0,0,0,0,0,0,0,0,0,1,0,1,0,0,0,0,0,0
Player 1 takes BLACK tiles from factory 4 to pattern line 3,0,0,0,0,0,0,1,0,0,0,0,0,0,0,0,0,1,0,0,0,0,0,0,0,0,0,0,0,0,0,0,1,0,0,0,0,0,0,0,0,0,2,0,0,0,0,0,0,0,2
Player 1 takes BLACK tiles from factory 4 to pattern line 2,0,0,0,0,0,0,0,0,0,0,0,0,0,0,0,0,0,0,0,0,1,0,0,1,1,0,0,0,0,0,0,0,0,0,0,1,0,0,0,0,0,0,1,0,0,0,0,0,0,0
Player 1 takes BLACK tiles from factory 4 to pattern line 1,1,0,0,0,0,0,0,0,0,0,1,0,1,0,0,1,0,0,0,0,0,1,0,0,0,0,0,0,0,0,1,0,0,0,0,1,0,0,0,1,0,0,0,0,0,0,0,0,0,0
Player 0 takes BLACK tiles from factory 4 to pattern line 2,0,0,0,0,0,0,0,0,0,0,0,0,0,0,0,0,0,0,0,0,0,0,0,0,1,0,1,0,0,0,0,0,0,0,0,0,0,0,0,1,1,0,0,0,0,0,0,0,0,0
Player 0 takes BLACK tiles from factory 4 to pattern line 3,0,0,0,0,0,0,0,0,0,0,0,0,0,0,0,0,0,0,1,0,0,0,1,0,0,0,0,0,0,0,0,1,0,0,0,0,0,0,0,1,0,0,0,1,0,0,0,0,0,0
Player 0 takes BLACK tiles from factory 4 to pattern line 0,0,0,1,0,0,0,0,0,0,0,0,0,0,0,0,1,0,0,0,0,0,0,0,0,0,0,0,0,0,0,0,0,0,0,0,1,0,1,0,0,0,0,0,0,0,0,0,0,1,0
Player 0 takes BLACK tiles from factory 4 to pattern line 1,1,0,1,0,1,0,0,0,0,0,0,0,0,0,0,0,0,0,0,1,0,0,0,1,0,1,0,0,0,1,0,1,0,0,0,0,0,0,0,0,0,0,0,0,1,0,0,0,0,0
Player 0 takes BLACK tiles from factory 4 to pattern line 4,0,0,0,0,0,1,0,0,0,0,1,0,0,0,0,0,0,0,0,0,0,0,0,0,0,0,0,0,0,0,0,0,0,0,0,0,1,1,0,0,0,0,0,0,0,0,0,0,0,0
Player 1 takes YELLOW tiles from factory 0 to floor line,0,0,0,0,0,0,0,0,0,0,0,0,0,0,0,0,0,0,0,0,0,0,0,0,0,0,0,0,0,0,0,0,0,0,0,0,0,0,0,1,0,0,0,0,0,0,0,0,0,0
Player 0 takes BLACK tiles from centre pool to pattern line 4,3,0,1,0,1,2,1,2,0,0,1,1,2,0,0,1,0,0,1,0,0,3,1,1,0,0,0,1,0,0,0,1,1,1,2,2,1,1,0,0,1,2,0,1,2,0,0,0,0,1
Player 0 takes BLACK tiles from centre pool to pattern line 3,1,1,0,1,1,1,1,2,0,1,1,0,0,0,1,0,1,2,1,0,1,1,1,0,1,0,0,0,1,2,0,1,1,0,1,1,0,1,1,0,1,0,0,0,0,1,1,2,1,0
Player 0 takes BLACK tiles from centre pool to pattern line 2,1,0,0,0,0,1,0,1,1,0,0,1,1,0,0,2,1,0,1,1,1,0,0,0,0,0,0,1,0,1,1,1,1,0,0,0,1,0,0,0,0,0,1,0,1,0,2,0,1,1
Player 0 takes BLACK tiles from centre pool to pattern line 1,0,0,0,0,0,1,0,0,0,1,0,1,0,0,0,0,0,0,1,0,1,0,0,0,1,0,0,1,0,0,1,0,0,1,0,0,0,1,0,1,1,0,0,0,0,0,0,0,1,0
Player 0 takes BLACK tiles from centre pool to pattern line 0,0,0,0,0,1,0,0,1,0,1,0,0,0,1,0,0,0,1,1,0,1,0,0,0,0,0,1,0,1,1,0,0,0,1,0,0,0,0,1,1,0,0,0,1,0,1,1,0,0,0
Player 0 takes BLACK tiles from factory 2 to pattern line 4,0,0,0,0,0,0,0,0,0,0,0,0,0,0,0,0,0,0,0,0,0,0,1,0,0,0,0,0,0,0,0,0,0,1,0,0,0,0,0,0,0,0,0,0,0,0,0,0,0,0
Player 0 takes BLACK tiles from factory 2 to pattern line 2,0,1,0,0,0,0,1,0,0,0,0,0,0,0,0,0,0,0,0,0,0,0,0,0,0,0,0,0,0,0,0,0,0,0,1,1,0,0,0,0,0,0,0,0,0,1,0,0,0,0
Player 0 takes BLACK tiles from factory 2 to pattern line 3,1,0,0,0,0,0,0,0,0,0,0,0,0,0,0,0,1,0,0,1,0,0,0,0,0,0,0,0,0,0,2,0,1,0,0,0,0,0,0,0,0,0,1,0,0,0,0,0,1,0
Player 0 takes BLUE tiles from factory 1 to pattern line 0,0,0,0,0,1,0,0,0,0,1,0,0,0,0,1,0,0,0,0,0,0,0,1,0,0,0,0,0,0,1,0,0,0,0,0,1,0,0,0,0,0,0,0,1,0,1,0,0,0,1
Player 1 takes BLACK tiles from factory 4 to pattern line 0,0,0,0,0,0,0,0,0,0,0,0,0,0,0,0,1,0,0,0,0,0,0,0,0,0,0,0,0,0,0,0,0,0,0,0,0,0,0,0,0,0,0,0,0,0,0,0,0,1,0
Player 0 takes BLUE tiles from factory 1 to pattern line 1,0,0,0,0,0,0,0,0,0,0,0,0,0,0,0,0,0,0,0,1,0,0,0,0,1,0,0,0,0,1,1,0,1,0,0,0,0,0,0,0,1,0,0,0,0,0,0,0,0,0
Player 1 takes RED tiles from factory 3 to floor line,0,0,0,0,0,0,0,0,0,0,0,0,0,0,0,0,0,0,0,0,0,0,0,0,0,0,0,0,0,0,0,0,0,0,0,0,0,0,1,0,0,0,0,0,0,0,0,0,0,0
Player 0 takes BLUE tiles from factory 1 to pattern line 2,0,0,0,0,0,0,0,0,1,0,0,0,0,0,0,0,0,0,0,0,0,0,0,1,0,1,0,0,0,0,0,0,0,0,0,0,0,0,0,0,0,0,0,0,1,0,0,0,0,0
Player 0 takes BLUE tiles from factory 1 to pattern line 3,0,0,0,0,0,0,0,0,0,1,0,0,0,0,0,0,0,0,0,0,0,0,0,0,0,1,0,0,0,0,0,0,0,0,0,0,1,1,0,1,0,0,0,0,0,0,0,0,0,1
Player 1 takes YELLOW tiles from factory 3 to pattern line 2,0,0,0,0,0,0,0,0,0,0,0,0,0,0,0,0,0,0,0,0,1,0,1,0,0,0,0,0,0,1,0,0,0,0,0,0,0,0,0,0,0,0,0,0,0,0,1,1,1,0
Player 1 takes YELLOW tiles from factory 3 to pattern line 1,0,0,0,0,0,0,0,0,0,0,0,0,0,0,0,0,0,0,0,0,0,0,0,0,1,0,0,0,0,0,0,0,0,0,0,1,0,0,0,1,0,0,0,0,0,0,0,0,0,0
Player 1 takes YELLOW tiles from factory 3 to pattern line 0,0,0,0,0,0,0,1,1,1,0,1,0,0,0,0,0,0,0,0,0,0,0,0,0,0,0,0,0,0,0,0,0,0,1,0,0,0,0,0,0,0,0,0,0,1,0,0,0,0,0
Player 1 takes WHITE tiles from centre pool to floor line,1,0,0,0,1,0,0,0,0,1,0,0,1,0,0,0,0,0,0,1,1,0,0,0,1,1,0,0,0,1,1,0,1,0,0,2,1,2,0,1,1,1,1,1,1,0,1,0,1,0
Player 0 takes RED tiles from centre pool to pattern line 1,0,1,1,0,0,0,2,1,0,0,0,0,0,0,1,0,0,1,0,0,0,0,0,1,0,0,0,0,0,0,0,0,0,0,0,0,0,0,1,1,1,0,0,0,0,0,0,0,0,1
Player 0 takes RED tiles from centre pool to pattern line 2,1,0,1,0,0,0,0,0,0,1,0,0,1,0,1,1,0,1,1,1,0,1,0,1,1,1,0,2,1,1,0,1,1,1,0,0,0,1,0,1,0,1,0,1,1,0,0,2,0,0
Player 0 takes BLACK tiles from factory 1 to pattern line 4,0,0,0,0,0,0,0,0,0,0,0,0,0,0,0,0,0,0,0,0,0,0,0,0,0,0,1,0,0,0,0,0,0,0,0,0,0,0,0,0,0,0,0,0,0,0,0,0,0,0
Player 0 takes BLACK tiles from factory 1 to pattern line 3,0,1,0,1,0,0,0,0,0,0,0,0,0,0,0,0,0,0,0,0,0,0,0,0,0,0,0,0,0,0,0,0,0,0,0,0,0,0,0,0,0,0,1,0,0,0,0,0,0,0
Player 0 takes RED tiles from centre pool to pattern line 0,0,0,0,0,0,0,0,0,1,0,0,1,0,0,0,1,0,1,0,0,0,0,1,0,0,0,0,0,0,0,1,0,0,0,0,0,1,0,0,1,0,0,0,0,1,1,0,1,0,1
Player 0 takes RED tiles from centre pool to pattern line 3,1,2,0,0,1,1,1,0,1,0,0,1,0,1,0,1,0,1,2,1,1,0,0,0,1,0,2,0,2,1,0,1,0,0,0,0,0,0,1,1,1,0,2,1,1,0,1,1,1,1
Player 1 takes YELLOW tiles from factory 3 to pattern line 4,0,1,0,0,0,0,0,1,0,0,0,1,1,0,0,0,0,0,0,0,1,0,0,0,0,1,0,2,0,0,0,0,0,0,0,1,0,2,1,0,0,0,0,0,0,0,0,0,0,0
Player 0 takes RED tiles from centre pool to pattern line 4,1,1,0,2,1,2,2,0,0,0,0,0,0,0,0,1,1,0,0,2,2,1,1,0,0,0,0,2,0,0,0,0,3,1,2,0,1,1,1,1,1,0,0,0,0,1,0,0,2,0
Player 1 takes YELLOW tiles from factory 3 to pattern line 3,0,0,0,0,0,1,1,0,0,0,0,0,0,0,1,0,0,0,0,0,1,0,0,0,0,0,0,0,0,2,0,0,0,0,0,0,0,0,0,0,0,0,0,0,0,0,0,0,1,0
Player 0 takes WHITE tiles from factory 1 to pattern line 0,1,0,0,0,0,0,0,0,0,0,0,0,1,0,0,0,1,0,0,1,0,1,0,1,1,0,0,1,0,0,0,1,0,0,0,0,0,1,1,0,1,0,0,0,0,0,0,0,1,0
Player 0 takes BLUE tiles from factory 2 to pattern line 1,0,0,0,1,1,0,0,0,0,0,1,0,0,0,0,0,0,0,0,0,0,0,0,1,0,0,1,1,0,0,0,0,0,0,0,0,0,0,1,0,0,0,0,1,0,1,1,1,1,0
Player 0 takes WHITE tiles from factory 1 to pattern line 4,0,0,0,0,0,0,0,0,0,0,0,0,0,0,0,0,0,0,0,0,0,0,0,0,0,0,1,0,0,0,0,0,0,0,0,0,0,0,0,0,0,0,0,0,0,0,0,0,0,0
Player 0 takes WHITE tiles from factory 1 to pattern line 3,0,0,1,0,0,0,0,0,0,0,0,0,0,0,0,0,0,0,0,0,0,0,0,0,0,0,0,0,0,0,0,0,0,0,0,0,0,0,0,0,0,0,0,0,0,0,0,0,0,0
Player 0 takes BLUE tiles from factory 2 to pattern line 2,0,0,0,0,0,0,0,1,1,0,0,0,0,0,0,0,0,0,0,0,0,0,1,0,0,0,0,0,0,0,0,0,0,0,0,0,0,0,0,0,0,0,0,0,0,0,0,0,0,0
Player 0 takes WHITE tiles from factory 1 to pattern line 2,0,0,0,0,0,0,0,1,0,0,1,2,0,0,0,0,0,0,0,0,0,0,0,0,0,0,0,0,0,0,0,0,0,1,0,0,0,0,0,0,0,0,0,0,0,0,0,0,0,1
Player 0 takes WHITE tiles from factory 1 to pattern line 1,0,0,0,0,0,0,0,0,1,0,0,0,1,0,1,1,0,0,0,0,0,0,0,0,0,1,0,0,0,1,0,0,0,0,0,0,0,0,0,1,0,1,0,0,0,0,0,0,0,0
Player 0 takes BLUE tiles from factory 2 to pattern line 0,0,0,0,0,0,0,0,0,0,0,0,0,0,0,0,0,0,1,0,0,0,0,0,0,0,1,0,0,0,0,1,0,1,0,0,0,0,1,1,1,0,0,1,0,1,0,0,0,0,0
Player 1 takes BLUE tiles from factory 0 to pattern line 1,0,0,0,0,0,0,0,0,0,0,0,0,0,0,0,0,0,1,0,0,0,0,0,0,1,0,0,0,0,1,1,0,0,0,0,0,0,0,0,0,0,0,0,0,0,0,1,0,0,0
Player 1 takes BLUE tiles from factory 0 to pattern line 0,0,0,0,0,0,0,0,0,0,1,0,0,0,0,0,0,0,0,1,0,0,1,0,1,0,0,0,0,0,0,1,0,1,1,0,0,1,1,1,1,0,0,0,0,0,0,0,0,0,0
Player 1 takes BLUE tiles from factory 0 to pattern line 3,0,0,0,0,0,0,0,0,0,0,0,0,0,1,1,0,0,0,0,0,0,1,0,0,0,0,0,0,0,0,0,0,0,0,0,0,0,0,0,0,0,0,0,0,1,0,0,0,0,0
Player 1 takes RED tiles from factory 2 to floor line,0,0,0,0,0,0,0,0,0,0,0,0,0,0,0,0,0,0,0,0,0,0,0,0,0,0,0,1,0,0,0,0,0,0,0,0,0,0,0,0,0,0,0,0,1,0,0,0,0,0
Player 1 takes BLUE tiles from factory 0 to pattern line 2,0,0,0,0,1,0,1,1,0,0,0,0,0,0,0,0,0,0,0,1,0,0,1,0,0,0,0,0,0,0,0,0,0,0,0,0,0,0,0,0,0,0,0,0,0,0,0,0,0,0
Player 0 takes YELLOW tiles from centre pool to floor line,0,1,0,1,0,0,0,0,0,1,1,1,0,0,0,0,1,0,0,2,0,0,1,3,0,0,0,0,0,0,0,1,1,1,0,1,2,0,0,1,0,0,1,1,0,1,2,0,0,0
Player 1 takes WHITE tiles from factory 4 to floor line,0,0,0,0,0,0,0,0,0,0,0,0,0,0,0,0,0,0,0,1,0,0,0,0,0,0,0,0,0,0,0,0,0,0,0,0,0,0,0,0,0,0,0,0,0,0,0,0,0,0
Player 1 takes RED tiles from centre pool to floor line,1,0,3,0,0,0,1,0,2,0,1,2,0,1,2,1,0,1,0,1,0,1,0,0,0,0,0,0,1,2,0,0,1,1,1,0,2,0,0,0,0,1,0,1,1,0,0,0,1,0
Player 1 takes BLACK tiles from centre pool to pattern line 0,1,0,0,0,1,0,1,0,0,0,0,0,1,0,0,0,0,1,1,1,1,0,1,0,1,0,0,0,0,0,1,1,0,0,1,0,1,0,0,0,0,0,0,0,1,0,0,0,0,0
Player 1 takes BLACK tiles from centre pool to pattern line 1,0,0,0,0,1,0,1,0,0,1,0,0,0,2,0,0,0,0,0,0,0,0,0,1,0,2,1,1,0,0,0,0,0,0,0,1,0,0,0,0,0,0,0,1,0,0,0,0,0,1
Player 1 takes BLUE tiles from factory 1 to pattern line 2,1,0,0,0,0,0,0,0,0,1,0,0,0,0,0,0,0,1,0,0,0,0,0,0,0,0,0,0,0,0,0,1,0,0,0,0,1,0,0,0,0,0,0,0,1,0,0,0,0,0
Player 1 takes BLACK tiles from centre pool to pattern line 4,0,0,1,0,0,0,0,0,0,1,0,1,2,0,1,1,0,0,0,0,0,0,0,0,0,0,1,0,2,0,0,0,1,0,0,0,0,0,0,0,0,1,3,0,0,0,0,0,2,0
Player 1 takes YELLOW tiles from factory 4 to pattern line 0,0,0,0,0,0,0,0,0,0,0,0,1,0,0,0,0,1,0,0,0,0,0,0,0,1,0,0,0,0,0,0,0,0,0,0,0,0,0,0,0,1,0,0,0,0,1,0,0,0,0
Player 1 takes YELLOW tiles from factory 4 to pattern line 1,0,0,1,0,0,0,0,1,0,0,0,0,0,0,0,0,0,0,0,0,0,0,1,0,0,1,0,0,0,0,0,0,1,0,1,0,1,0,0,0,0,0,1,0,0,0,0,0,0,0
Player 1 takes BLUE tiles from factory 1 to pattern line 0,0,0,0,0,1,0,0,0,0,0,1,0,0,0,0,0,1,0,0,0,0,0,1,0,0,0,1,0,0,0,0,0,0,0,0,0,0,0,0,0,1,0,0,0,0,0,0,0,0,0
Player 1 takes BLACK tiles from centre pool to pattern line 2,0,0,0,0,0,0,1,0,2,0,0,2,0,1,0,0,0,0,0,0,2,0,2,1,0,1,0,1,0,0,1,0,1,0,0,0,0,2,0,3,1,0,1,1,0,1,0,1,0,0
Player 1 takes BLACK tiles from centre pool to pattern line 3,2,1,2,1,1,1,0,0,0,1,0,0,0,0,0,0,0,0,0,3,0,1,0,1,1,0,0,0,1,0,0,1,1,1,0,0,1,0,1,0,0,1,0,0,0,1,0,1,0,1
Player 1 takes YELLOW tiles from factory 4 to pattern line 4,0,0,0,0,0,1,0,1,0,0,0,1,0,0,0,0,1,0,0,0,0,0,0,0,0,0,0,0,0,0,0,1,0,0,0,0,0,1,0,0,0,0,0,1,0,0,0,1,0,1
Player 1 takes YELLOW tiles from factory 4 to pattern line 2,0,1,0,0,0,0,0,0,0,0,0,0,0,0,0,0,1,0,0,1,0,0,1,0,1,0,0,0,1,0,0,0,0,0,0,0,0,0,2,0,0,0,0,0,0,0,0,0,0,0
Player 1 takes YELLOW tiles from factory 4 to pattern line 3,0,0,0,0,0,0,0,0,0,0,0,1,0,1,0,0,0,1,0,0,1,0,0,0,0,0,1,0,1,0,0,0,0,0,0,0,0,0,0,0,0,0,0,1,0,1,0,0,0,0
Player 0 takes YELLOW tiles from centre pool to pattern line 0,1,0,1,1,1,0,0,1,1,0,0,0,1,1,0,0,0,0,0,1,0,0,1,0,0,1,1,0,0,0,0,0,0,1,1,0,0,1,0,0,0,0,0,0,0,0,1,0,0,0
Player 1 takes WHITE tiles from centre pool to pattern line 2,0,0,1,0,0,0,0,0,0,0,1,0,0,0,0,1,1,0,0,0,1,0,0,0,0,0,1,0,0,0,0,0,0,1,1,0,1,0,0,1,0,1,0,0,1,1,0,0,2,1
Player 1 takes WHITE tiles from centre pool to pattern line 3,1,0,0,1,0,0,0,3,1,0,2,0,0,0,0,0,0,0,0,0,0,1,0,0,1,1,0,0,0,0,0,2,0,0,0,1,0,0,0,0,0,0,0,0,0,0,0,0,1,0
Player 0 takes YELLOW tiles from centre pool to pattern line 1,0,0,0,0,0,0,0,0,1,0,0,0,0,0,1,0,0,0,0,0,0,0,0,0,0,0,0,0,0,0,0,1,0,0,0,0,1,0,1,0,0,0,1,0,0,1,0,0,0,0
Player 1 takes WHITE tiles from centre pool to pattern line 0,1,0,0,0,0,1,0,1,1,1,0,0,1,0,0,0,0,0,0,0,1,0,1,1,0,0,0,0,1,0,1,1,0,0,1,0,0,1,0,0,1,0,0,0,0,0,0,0,0,0
Player 0 takes YELLOW tiles from centre pool to pattern line 2,1,1,0,0,1,1,1,2,1,1,1,1,1,1,0,1,1,0,1,0,1,0,0,1,1,0,1,1,0,1,1,1,1,1,0,1,0,0,1,0,1,1,0,0,0,0,0,1,2,1
Player 1 takes WHITE tiles from centre pool to pattern line 1,0,1,0,1,1,0,0,0,1,0,1,1,0,0,2,0,0,0,0,0,0,0,0,0,0,1,1,0,0,0,0,0,0,0,0,0,0,0,0,0,0,0,0,0,0,0,1,1,0,0
Player 0 takes YELLOW tiles from centre pool to pattern line 3,0,0,1,0,1,1,1,0,1,1,1,0,1,0,1,2,1,0,0,1,0,1,0,0,0,1,0,1,1,0,0,1,1,1,1,1,1,1,0,0,0,1,1,0,1,2,0,2,0,1
Player 0 takes YELLOW tiles from centre pool to pattern line 4,2,2,0,1,1,0,0,0,3,1,0,0,0,0,0,0,0,0,0,1,1,0,0,0,2,1,0,0,3,0,0,0,0,0,1,0,0,2,3,2,2,3,0,0,0,0,0,1,0,0
Player 1 takes WHITE tiles from centre pool to pattern line 4,0,2,0,0,2,1,0,1,0,0,0,0,0,2,0,2,0,0,0,0,1,0,0,1,0,0,0,0,1,0,0,0,0,0,1,0,0,0,2,2,0,0,1,0,0,0,0,1,0,0
Player 1 takes RED tiles from factory 2 to pattern line 0,0,0,0,0,0,0,0,0,0,0,0,0,1,0,0,0,1,0,0,0,0,0,0,0,0,1,1,1,0,0,0,1,0,0,0,0,0,0,0,0,0,0,0,0,0,0,0,0,0,0
Player 1 takes BLUE tiles from factory 1 to pattern line 4,0,0,0,0,0,0,3,0,1,0,0,0,0,0,0,0,0,0,0,0,0,0,0,0,0,0,0,0,0,0,0,1,0,0,1,0,0,0,0,0,1,0,0,0,0,0,0,0,0,0
Player 1 takes YELLOW tiles from factory 0 to pattern line 0,0,0,0,0,0,0,0,0,0,0,0,0,0,1,0,1,0,0,0,0,0,0,0,0,0,0,0,0,1,1,0,0,0,0,0,0,0,0,0,1,0,0,0,0,0,0,1,0,0,0
Player 1 takes BLUE tiles from factory 1 to pattern line 3,0,0,0,0,0,0,0,0,1,0,0,0,0,1,0,0,0,0,0,0,0,0,0,0,0,0,1,1,1,0,0,0,0,0,1,0,0,0,0,0,0,0,0,0,0,0,1,0,0,0
Player 1 takes YELLOW tiles from factory 0 to pattern line 1,0,0,0,0,0,0,0,0,0,0,1,0,0,0,0,0,0,0,0,1,0,0,0,0,0,0,0,0,0,0,0,0,0,0,0,0,0,0,0,0,0,0,0,1,0,0,0,0,0,0
Player 1 takes YELLOW tiles from factory 0 to pattern line 2,0,0,0,0,0,1,0,0,1,1,0,0,0,0,0,0,0,0,1,0,0,0,0,0,0,0,0,0,0,0,0,0,0,0,0,0,0,0,0,0,0,0,0,0,0,0,1,0,1,0
Player 1 takes RED tiles from factory 2 to pattern line 4,0,0,0,0,0,0,0,0,0,0,0,0,0,0,0,0,0,0,2,0,0,1,1,0,0,0,0,0,0,0,0,0,0,1,0,0,0,1,0,0,1,0,0,0,0,0,0,0,0,0
Player 1 takes YELLOW tiles from factory 0 to pattern line 3,0,0,0,0,0,0,1,0,0,0,0,0,0,0,1,0,0,0,0,0,0,0,0,0,0,0,0,0,0,0,1,0,0,0,0,0,0,0,0,0,1,0,0,1,0,0,0,0,1,0
Player 1 takes RED tiles from factory 2 to pattern line 3,0,0,0,0,0,0,0,0,0,1,0,0,0,0,0,1,0,0,0,0,0,0,0,0,0,0,0,0,0,0,0,0,0,0,0,0,0,0,0,0,0,0,0,0,0,0,0,0,0,0
Player 1 takes RED tiles from factory 2 to pattern line 2,0,0,0,2,0,1,0,0,0,0,0,0,0,0,0,0,0,0,0,0,0,0,0,0,1,0,0,0,0,0,0,0,0,0,0,1,0,0,0,0,0,0,0,0,0,0,0,0,0,2
Player 1 takes YELLOW tiles from factory 0 to pattern line 4,0,0,0,0,0,0,1,0,0,0,0,0,0,0,0,0,0,0,0,0,0,1,0,0,0,0,0,0,0,1,0,0,0,0,0,0,0,0,0,0,0,0,0,0,0,0,0,0,0,0
Player 1 takes RED tiles from factory 2 to pattern line 1,1,0,0,0,0,1,0,0,0,0,0,1,0,0,0,0,0,0,0,0,1,1,0,0,0,0,0,0,0,0,0,1,0,0,0,0,0,0,0,0,0,0,0,0,0,0,0,0,0,0
Player 1 takes RED tiles from factory 0 to floor line,0,0,0,0,0,0,0,0,0,0,0,1,0,0,0,0,0,0,0,0,0,0,0,0,0,0,0,0,0,0,0,0,0,0,0,0,0,0,0,0,0,0,0,0,0,0,0,0,0,0
Player 0 takes RED tiles from factory 2 to pattern line 4,0,0,0,0,0,0,0,1,0,0,0,0,0,0,0,0,0,0,0,0,0,0,0,0,0,0,0,0,1,0,0,0,0,0,0,0,0,0,1,1,0,0,0,0,0,0,0,0,0,0
Player 0 takes BLUE tiles from factory 2 to pattern line 3,0,0,0,0,0,0,0,0,0,0,0,0,0,1,0,1,0,0,0,0,0,0,0,0,0,1,0,0,0,0,1,0,0,0,0,0,0,1,0,0,0,0,0,0,0,0,0,0,0,0
Player 0 takes BLUE tiles from factory 2 to pattern line 4,0,0,0,0,0,0,0,0,0,0,0,0,0,0,0,0,0,0,0,1,0,0,0,0,0,0,0,0,1,0,0,0,0,1,0,0,0,0,0,0,0,0,0,0,0,0,0,0,0,0
Player 0 takes YELLOW tiles from factory 2 to floor line,0,0,0,0,0,0,0,0,0,0,0,0,0,0,0,0,0,0,0,0,0,0,0,0,0,0,1,0,0,0,0,0,0,0,0,0,0,0,0,0,0,0,0,0,0,0,0,0,0,0
Player 1 takes BLUE tiles from centre pool to floor line,4,5,5,2,5,6,3,5,0,4,1,3,5,4,3,4,6,3,6,3,4,3,4,2,4,2,2,4,5,3,3,1,4,4,2,3,6,3,7,5,4,7,3,1,2,6,4,2,1,6
Player 0 takes BLACK tiles from factory 2 to floor line,0,0,0,0,0,0,0,0,0,0,0,0,0,0,0,0,0,0,0,0,0,0,0,0,0,1,0,0,0,0,0,0,0,0,0,0,0,0,0,0,0,0,0,0,0,0,0,0,0,0
Player 0 takes BLACK tiles from factory 1 to floor line,0,0,0,0,0,0,0,0,0,0,0,1,0,0,0,0,0,0,0,0,0,0,0,0,0,0,0,0,0,0,0,0,0,0,0,0,0,0,0,0,0,0,0,0,0,0,0,0,0,0
Player 0 takes BLACK tiles from factory 1 to pattern line 2,1,0,1,0,0,0,0,0,0,0,0,0,0,1,0,0,0,0,0,0,0,0,0,0,0,0,0,0,0,1,0,0,0,0,0,0,0,0,0,1,0,0,0,0,0,0,1,1,0,0
Player 0 takes RED tiles from factory 2 to pattern line 1,0,0,0,0,1,0,0,0,0,0,0,0,0,1,0,0,0,0,0,0,0,0,0,0,0,0,0,0,0,0,0,0,0,0,0,0,0,0,0,0,0,1,0,0,0,0,0,0,0,0
Player 0 takes RED tiles from factory 2 to pattern line 0,0,1,1,0,0,0,1,0,0,0,0,0,1,0,0,0,0,0,0,0,0,0,0,0,0,0,0,0,0,0,0,0,0,0,1,0,0,0,0,0,0,0,1,0,0,0,0,0,0,0
Player 0 takes BLACK tiles from factory 1 to pattern line 1,0,0,0,0,0,0,0,1,0,0,0,0,0,1,0,0,1,0,0,0,0,0,0,0,0,0,0,0,1,0,0,0,1,0,0,0,1,0,0,0,0,1,0,0,0,0,0,0,0,0
Player 0 takes BLACK tiles from factory 1 to pattern line 0,1,0,0,0,0,0,0,0,0,0,0,0,1,0,1,0,0,0,0,1,0,1,0,0,1,0,0,0,0,0,1,1,0,0,0,0,0,0,0,0,0,0,0,0,0,0,0,0,0,0
Player 0 takes RED tiles from factory 2 to pattern line 3,0,0,0,0,0,0,0,0,0,0,0,0,0,0,0,0,0,1,0,0,0,0,0,0,0,0,0,0,0,0,0,0,0,0,0,0,0,0,1,1,0,0,0,0,0,0,0,0,0,0
Player 0 takes RED tiles from factory 2 to pattern line 2,0,0,0,0,0,0,0,0,0,0,0,0,0,0,0,0,0,0,0,0,1,0,0,0,0,0,0,0,0,0,0,0,0,0,0,0,0,0,0,0,0,0,0,0,0,0,0,0,0,0
Player 1 takes BLUE tiles from centre pool to pattern line 0,0,0,0,1,0,0,1,1,0,0,0,0,0,0,0,0,0,1,0,1,0,0,0,0,0,1,0,1,1,0,0,0,0,0,0,1,0,0,0,0,0,1,0,0,0,0,0,1,0,0
Player 1 takes BLUE tiles from centre pool to pattern line 3,0,0,1,2,0,0,0,0,0,0,0,1,0,0,1,0,0,0,0,0,0,1,0,0,0,2,0,1,2,1,0,1,0,0,0,0,0,2,0,0,1,0,0,3,0,2,2,1,0,0
Player 1 takes BLUE tiles from centre pool to pattern line 4,0,2,0,0,1,0,0,0,1,0,0,0,0,0,0,0,0,0,1,0,0,1,0,0,2,0,0,0,1,0,0,2,0,0,1,0,0,0,0,2,1,0,0,0,2,0,0,0,0,0
Player 1 takes BLUE tiles from centre pool to pattern line 1,1,0,0,0,1,0,1,0,0,0,0,0,0,0,0,0,0,0,0,1,1,1,1,1,0,0,1,0,0,0,0,0,1,0,0,0,0,1,0,2,0,0,0,0,0,1,1,1,1,1
Player 1 takes BLUE tiles from centre pool to pattern line 2,1,0,1,1,0,0,1,1,0,0,0,0,1,0,0,1,0,1,0,1,2,0,1,0,0,1,0,2,0,0,1,1,0,1,0,0,1,0,2,0,0,1,2,0,0,0,0,0,0,0
